{
  "version": 1,
  "author": "Anonymous maker",
  "editor": "wokwi",
  "parts": [
    { "type": "wokwi-breadboard-half", "id": "bb1", "top": 6.6, "left": -246.8, "attrs": {} },
    { "type": "board-esp32-devkit-c-v4", "id": "esp", "top": 9.6, "left": 158.44, "attrs": {} },
    {
      "type": "wokwi-led",
      "id": "led1",
      "top": 44.4,
      "left": -130.6,
      "attrs": { "color": "red" }
    },
    { "type": "wokwi-potentiometer", "id": "pot1", "top": -10.9, "left": -77, "attrs": {} }
  ],
  "connections": [
    [ "esp:TX", "$serialMonitor:RX", "", [] ],
    [ "esp:RX", "$serialMonitor:TX", "", [] ],
    [ "esp:GND.1", "bb1:tn.25", "black", [ "h-28.65", "v-124.7" ] ],
    [ "bb1:tn.10", "bb1:12t.a", "black", [ "v0" ] ],
    [ "bb1:13t.e", "esp:14", "yellow", [ "v19.2", "h220.8", "v28.8", "h9.6" ] ],
    [ "bb1:19t.b", "bb1:tn.15", "black", [ "v0" ] ],
    [ "bb1:21t.b", "bb1:tp.18", "red", [ "v0" ] ],
    [ "led1:A", "bb1:13t.d", "", [ "$bb" ] ],
    [ "led1:C", "bb1:12t.d", "", [ "$bb" ] ],
    [ "pot1:GND", "bb1:19t.a", "", [ "$bb" ] ],
    [ "pot1:SIG", "bb1:20t.a", "", [ "$bb" ] ],
    [ "pot1:VCC", "bb1:21t.a", "", [ "$bb" ] ],
    [ "bb1:tp.25", "esp:3V3", "red", [ "v0.3", "h88", "v19.2" ] ],
    [ "pot1:SIG", "esp:34", "yellow", [ "v9.6", "h162.8", "v9.6" ] ]
  ],
  "dependencies": {}
}